trip_start_time,distance_kms,fare_amount
13-04-2023 16:31,19.38773532,374.3791021
15-12-2023 18:09,27.3960877,381.3053136
28-09-2023 06:49,26.68379937,412.7184637
17-04-2023 06:06,42.55434177,651.9417412
13-03-2023 13:46,42.15823503,670.4976769
08-07-2023 13:40,41.801343,443.6505931
21-01-2023 19:53,1.540549099,20.98499402
13-04-2023 11:24,37.72772874,650.097161
02-05-2023 07:59,38.17514312,458.315594
03-08-2023 21:34,34.24056232,412.1120044
27-11-2023 17:19,38.05696824,384.4098613
29-03-2023 19:22,42.2565482,607.4302432
11-04-2023 04:40,24.04563365,452.7154118
26-12-2023 14:03,25.60046046,269.2914852
01-06-2023 17:04,7.110988789,84.70031789
11-05-2023 07:30,19.88341827,260.4895884
30-05-2023 12:51,32.52489382,563.2416317
05-11-2023 12:40,39.23958903,643.7786641
15-09-2023 14:06,11.64324579,164.861829
10-12-2023 19:29,7.753322059,136.3862801
21-10-2023 07:50,33.48905822,539.0502666
11-07-2023 09:34,1.092114293,20.70693257
05-10-2023 00:28,9.740256631,177.080471
10-06-2023 18:55,2.424497637,30.37443627
10-11-2023 08:54,9.177370775,116.6846324
22-01-2023 18:11,9.884644716,111.2374894
10-09-2023 23:09,19.99600614,267.3395487
24-08-2023 13:08,20.71402911,414.1861094
11-12-2023 12:43,43.83886106,616.2653017
19-02-2023 00:07,25.99537591,317.2705566
28-02-2023 05:52,36.44683352,642.3692026
19-06-2023 20:02,6.102730538,94.13284897
07-07-2023 22:02,12.04649902,138.4867273
28-09-2023 20:24,35.44422861,489.374807
09-07-2023 06:43,3.587394063,50.7426026
25-06-2023 02:09,24.84328545,435.7089188
20-02-2023 13:20,30.36907932,309.9684976
30-12-2023 12:20,30.50513656,387.1161762
24-02-2023 10:35,2.123707752,32.2293103
01-09-2023 07:36,16.78329221,212.9542564
16-11-2023 23:37,32.1880419,524.1610335
11-05-2023 15:21,8.300987071,123.0096279
03-11-2023 20:16,35.07536677,477.6248662
15-05-2023 06:21,37.55033523,731.9343738
21-01-2023 11:56,49.11649033,801.6594626
25-11-2023 08:58,11.28225775,127.482898
16-06-2023 11:26,41.43140272,646.3678739
01-10-2023 06:06,26.49453227,471.7965755
31-03-2023 04:02,19.29966721,329.732826
12-11-2023 08:51,6.996461109,82.00476709
14-01-2023 06:39,37.03977472,730.5799241
30-08-2023 10:28,12.55702236,181.9278534
22-09-2023 15:02,19.19967809,222.5290697
13-12-2023 03:07,4.064569118,47.96987215
22-02-2023 18:00,40.26697888,442.2260523
06-12-2023 20:05,38.56283767,695.4877606
02-04-2023 17:53,36.94717567,414.5585778
22-09-2023 01:25,15.67273201,176.3378664
04-02-2023 19:58,9.500523639,175.8044932
25-07-2023 12:34,32.24010996,433.5018353
22-03-2023 19:33,25.31215282,260.9323281
19-02-2023 17:14,9.734370878,102.3953897
26-12-2023 06:56,34.60965228,395.3012201
03-01-2023 00:20,49.56519516,601.420781
23-02-2023 09:05,37.6137598,626.3240898
16-04-2023 15:56,37.25933295,431.212052
17-09-2023 09:49,47.56532489,532.1962393
06-11-2023 15:39,10.94388201,193.1287807
10-07-2023 13:07,28.71194828,479.7925289
06-08-2023 10:37,49.00268904,703.3474649
14-02-2023 04:16,9.099411438,140.9780705
11-06-2023 19:12,35.31234601,463.2923369
21-07-2023 16:55,29.70469715,440.3722601
27-09-2023 18:09,29.73747552,448.0464101
17-12-2023 22:54,35.18586075,488.1113745
31-10-2023 06:16,46.55122922,887.5328001
28-09-2023 13:29,39.34651505,399.7849346
03-08-2023 15:41,3.750669067,66.84334629
09-09-2023 17:05,42.78367297,481.0522735
09-07-2023 20:33,12.05152517,216.6318725
23-10-2023 10:25,19.46879407,314.5985632
01-08-2023 09:37,23.62490787,435.4727507
27-07-2023 15:18,24.56439404,269.5977436
25-08-2023 14:23,22.32383956,348.0243356
04-12-2023 23:58,46.93031142,704.4652168
22-02-2023 19:09,35.59493138,607.3182926
07-10-2023 13:51,31.92736165,489.8584933
05-08-2023 15:52,3.442259361,53.03607987
09-09-2023 06:15,45.29175318,647.4890663
07-07-2023 09:50,45.56011941,596.3065264
10-02-2023 19:05,39.23044011,581.4988325
07-06-2023 02:52,1.344430987,15.03735786
15-01-2023 06:23,3.806732303,74.6695619
29-10-2023 04:20,12.03596141,206.3458179
06-03-2023 12:44,7.436120999,145.1878173
12-12-2023 02:16,20.54296546,252.0061824
23-11-2023 14:22,46.20852985,868.4158562
09-01-2023 13:39,24.13096128,436.4784107
11-12-2023 01:26,1.656728695,27.78586528
10-05-2023 01:55,14.85453879,241.3905908
16-05-2023 14:04,3.18515051,41.93408838
05-03-2023 00:54,2.778093508,50.4615901
19-05-2023 16:07,14.5102728,217.8739896
22-03-2023 06:36,14.5050046,155.3328723
12-06-2023 22:56,39.56920353,519.4894962
16-10-2023 06:56,48.76689799,943.7843618
18-09-2023 22:12,19.1891476,355.1297668
19-08-2023 17:28,22.01545706,436.325598
11-02-2023 00:23,42.39468238,690.1826237
29-01-2023 04:54,14.13881198,176.3831037
15-05-2023 12:21,8.662708416,100.7312772
20-07-2023 11:22,42.80139155,508.0158971
25-11-2023 05:02,3.278528736,33.4342937
25-09-2023 21:58,31.36527257,436.1912347
02-02-2023 15:51,28.53764953,340.0054558
17-02-2023 22:50,17.95010193,253.393594
03-03-2023 21:36,16.44428653,318.1960288
04-08-2023 21:49,38.82102858,555.3504236
20-10-2023 14:18,5.234805927,98.30884376
10-04-2023 01:23,12.60243116,202.3326329
22-06-2023 02:57,36.88998786,460.0666791
26-12-2023 13:18,27.8677086,377.8456534
02-08-2023 11:30,7.271422218,78.81636595
04-02-2023 17:59,44.2246451,589.7190996
16-08-2023 04:20,20.27894448,340.187597
12-04-2023 04:48,41.56555039,445.6288766
11-05-2023 22:14,39.59793776,477.3140995
14-09-2023 21:09,31.59684688,436.4918106
05-01-2023 23:47,25.22957543,500.0626831
06-08-2023 05:43,48.99799118,874.5464386
13-09-2023 00:16,8.103288547,140.469433
25-12-2023 22:31,36.53263065,407.7739195
11-10-2023 02:57,10.36834437,184.6597875
26-07-2023 22:19,17.57489216,313.7590684
15-01-2023 11:20,16.12623843,258.1976381
12-12-2023 08:30,47.4047634,943.5262935
11-02-2023 12:58,48.40045271,641.42889
29-06-2023 04:08,9.967756768,193.5013158
04-03-2023 08:01,2.079722855,39.8211006
18-12-2023 14:39,36.28039394,366.969168
20-08-2023 00:15,21.48150676,311.5068797
29-08-2023 07:29,5.353172009,105.8377904
21-02-2023 05:52,34.50395117,380.6204563
07-04-2023 03:57,27.71017088,428.8937837
10-08-2023 22:36,49.04532428,970.5861267
19-08-2023 12:30,12.1430653,188.884825
26-08-2023 03:32,20.79491594,247.4210921
24-05-2023 04:52,27.58474437,436.4411994
20-06-2023 13:23,39.79329943,479.2866441
29-01-2023 20:06,27.89309418,423.8925413
05-02-2023 08:20,31.03210788,333.2979398
13-01-2023 05:57,12.08120553,193.961661
09-06-2023 19:37,42.49901768,644.6208243
23-11-2023 07:04,22.0028968,382.8859101
07-07-2023 04:43,7.907021749,128.9398409
01-09-2023 05:15,33.54520781,519.818643
27-03-2023 15:45,11.58843221,195.8188764
11-10-2023 09:21,5.780563002,66.12628302
07-03-2023 10:23,43.23735851,689.7913763
20-06-2023 01:43,23.54795096,276.0080299
15-02-2023 04:17,37.71490192,726.2088122
03-03-2023 22:36,15.23879043,162.8011953
14-05-2023 14:36,39.56153661,565.8782303
11-10-2023 05:52,6.484860424,109.9700995
29-01-2023 01:48,18.44269532,268.8985941
18-04-2023 20:48,48.92502908,534.3079202
13-02-2023 08:58,39.9054961,619.8836027
06-12-2023 22:31,25.36554059,416.4088081
13-10-2023 06:16,17.64909611,300.7039424
27-11-2023 09:49,43.7346493,600.5903638
08-05-2023 16:11,27.6975402,433.095349
14-12-2023 06:32,38.16282588,553.6229534
20-08-2023 04:24,37.95127634,634.5666078
09-07-2023 16:49,1.87933825,29.7603918
13-08-2023 10:06,7.186435357,109.6474844
10-10-2023 10:59,33.32183895,416.3644972
01-05-2023 14:03,8.919370753,89.37374661
27-04-2023 02:13,13.51917389,158.7261433
21-08-2023 08:21,47.38525976,529.3246454
17-09-2023 03:13,28.44893066,412.2491143
26-12-2023 04:46,37.78574584,609.2037672
17-07-2023 14:59,28.3410562,343.8011041
18-05-2023 05:28,28.07316712,544.3547392
14-11-2023 18:52,5.613443596,56.50953352
14-06-2023 22:19,17.83949644,316.1695765
13-08-2023 23:46,14.83911404,241.1659891
03-11-2023 18:38,20.14568992,276.712091
22-08-2023 12:31,40.11886522,421.4442438
21-06-2023 17:54,19.22470073,312.8794228
01-06-2023 11:38,23.13314414,320.5359712
12-11-2023 02:51,20.47168813,396.3865702
09-06-2023 16:15,5.576990627,85.99664194
06-04-2023 08:55,22.61253575,438.6043915
21-08-2023 18:03,10.58485438,129.1864217
30-06-2023 04:06,10.14944149,175.1515416
23-04-2023 15:35,5.607769117,90.69159114
14-11-2023 22:50,18.47687773,321.3883319
21-02-2023 15:05,38.11661235,462.9902411
25-09-2023 14:07,14.54564284,242.1841556
22-10-2023 06:46,16.30510599,244.2570739
23-04-2023 09:54,32.49105823,566.2622774
11-04-2023 11:27,10.59619982,140.6163022
23-04-2023 16:52,44.95093859,849.5983728
23-03-2023 02:11,26.48933564,287.2242146
07-07-2023 02:50,22.93254408,414.4344871
23-04-2023 10:56,28.3331894,527.371215
02-01-2023 13:03,9.135681357,166.0183806
10-05-2023 17:14,31.06018379,469.8555983
09-08-2023 01:36,18.7919361,270.3003862
23-02-2023 15:14,44.96213071,897.5620585
09-12-2023 21:55,9.273856127,113.9916383
13-08-2023 01:57,25.84550409,399.797891
13-08-2023 18:31,30.30751884,506.3402996
07-05-2023 03:12,2.635796488,44.8314094
10-05-2023 06:20,18.82096311,226.6090382
23-02-2023 02:05,36.8991265,610.3093724
21-06-2023 23:55,41.19849786,749.140947
07-08-2023 01:40,16.34493775,171.6248827
09-06-2023 12:40,40.13107035,767.1139549
17-07-2023 09:18,48.42003798,498.4862545
04-09-2023 12:09,42.98682287,582.8888659
20-11-2023 08:23,6.76455542,68.71524662
22-07-2023 07:24,37.24678627,401.2019588
03-07-2023 19:53,16.66367479,318.4708677
04-05-2023 02:51,49.43238348,669.7400015
12-09-2023 10:25,24.78259017,353.0952893
21-10-2023 06:27,6.99926102,85.06512554
07-10-2023 09:16,36.53409185,583.4844357
22-11-2023 00:48,16.82754872,268.366288
08-04-2023 08:21,49.8568297,684.1356125
17-07-2023 15:46,49.00934043,653.3115984
28-08-2023 18:12,33.15056688,624.8763537
24-05-2023 06:38,7.361495999,101.830414
07-04-2023 07:22,34.65618889,517.5905249
20-07-2023 13:38,5.558493837,71.33241612
04-05-2023 12:46,2.438843796,43.57651718
06-07-2023 05:54,41.32496386,577.4949459
22-11-2023 16:09,11.27789444,170.703456
15-12-2023 14:54,19.57232918,245.3111912
16-09-2023 12:04,48.69941211,967.9785362
28-05-2023 08:19,17.50518459,226.0787134
09-09-2023 10:13,15.52799928,274.9608875
12-12-2023 17:20,45.99219198,656.53654
27-05-2023 11:03,6.426673821,77.51965819
28-05-2023 16:48,38.2195381,687.8441986
18-12-2023 10:13,49.41521277,659.0046323
18-07-2023 21:46,45.16350453,842.3866819
04-11-2023 15:26,32.93172802,630.727287
09-05-2023 04:18,16.38897895,304.806137
08-02-2023 19:41,13.46177708,139.3304582
04-12-2023 20:53,41.14350014,735.3879547
26-12-2023 23:37,44.11127378,622.5598161
10-05-2023 01:46,26.74631071,501.1517542
25-09-2023 04:06,12.9726571,212.4861899
01-06-2023 02:45,6.534217212,119.8142253
25-10-2023 10:37,5.271793924,79.04695293
09-04-2023 22:54,36.23479492,556.2133436
20-09-2023 16:44,21.58581766,247.0254276
09-09-2023 14:14,45.36263384,809.2636533
24-05-2023 20:01,37.24389374,528.6359587
12-12-2023 14:45,10.37176048,155.5847168
22-04-2023 11:46,31.07509352,554.7207841
02-03-2023 03:55,22.33976727,357.1783413
03-01-2023 01:51,29.28523681,351.7446066
31-10-2023 11:43,37.16538704,591.0161227
11-09-2023 20:22,40.50359817,570.1419565
20-05-2023 11:38,42.34312899,622.2430959
07-02-2023 00:17,13.44476885,138.2540739
09-06-2023 13:19,2.524664396,30.54918017
10-01-2023 03:58,37.22544202,476.8720883
21-08-2023 23:00,6.210842587,106.3892497
10-04-2023 01:08,16.43105984,166.1989336
27-05-2023 07:47,1.187039572,16.72274357
31-10-2023 15:08,34.40180464,661.8999651
27-07-2023 21:43,9.189468562,102.1759197
12-05-2023 05:04,33.10883807,502.0704952
01-06-2023 17:29,49.59538824,886.0327116
23-02-2023 18:03,4.560872709,88.59638027
30-04-2023 08:06,4.776822586,83.44042104
10-06-2023 16:09,17.67862454,304.1723233
27-04-2023 03:52,43.4529392,793.6627593
16-03-2023 17:08,11.56096357,167.1947963
23-04-2023 20:25,18.65851318,336.9437401
14-04-2023 21:33,4.356764925,43.91463964
07-12-2023 02:54,38.39460927,738.9276974
11-09-2023 17:47,21.0070108,303.1955543
15-08-2023 05:45,38.20318792,593.4407523
22-04-2023 18:11,45.27678437,568.17033
09-04-2023 16:31,12.40539421,216.167819
03-06-2023 04:04,40.56240549,436.7093814
15-12-2023 15:03,3.895600614,72.95041182
05-12-2023 03:42,45.04352202,823.4482064
13-07-2023 17:47,32.88765883,399.9337022
06-11-2023 08:28,43.83710948,793.1555174
12-06-2023 12:15,1.009231578,18.02848634
28-07-2023 00:58,9.284972447,151.5508614
18-06-2023 21:58,20.09820998,276.0529693
11-06-2023 02:13,19.59564227,249.1583473
09-03-2023 21:25,12.10978876,149.1663908
16-10-2023 17:16,19.69898505,259.7525825
04-10-2023 14:59,7.313586888,139.2184007
31-10-2023 11:49,21.22529533,228.7324373
15-05-2023 09:30,40.31536213,737.3160779
14-07-2023 21:32,24.47443309,330.1331989
08-05-2023 17:43,1.882004358,28.63656695
03-02-2023 04:59,21.65075804,388.5197426
25-06-2023 22:33,2.331575788,43.93566733
22-01-2023 23:06,48.34592712,650.1470453
26-08-2023 20:30,7.245244012,105.9141273
08-06-2023 02:15,35.67672799,504.6530488
07-02-2023 19:38,48.66603982,493.1091515
18-08-2023 20:18,41.47591353,537.504152
21-02-2023 04:33,35.26645338,514.6042909
21-09-2023 17:28,42.13358457,594.544319
10-10-2023 10:06,49.10813597,845.6073464
27-01-2023 16:29,31.44588037,435.4636888
14-08-2023 11:08,28.40005553,422.9837386
05-10-2023 05:15,31.78366741,454.3820402
14-10-2023 04:40,27.10111845,471.7291544
07-04-2023 18:03,32.11936619,598.3749268
11-10-2023 12:21,23.04226819,352.98199
13-11-2023 09:28,11.70371596,209.4300613
31-10-2023 12:49,6.892114099,89.37601775
28-05-2023 03:22,4.348705841,67.02963027
05-01-2023 00:14,13.9024734,187.0202365
04-02-2023 18:39,3.260054652,46.10372307
11-07-2023 16:03,28.79136822,498.7856548
18-02-2023 14:18,14.9075939,280.5106015
17-01-2023 08:25,41.4022056,464.3238276
21-06-2023 10:34,4.637802776,75.81134482
08-08-2023 10:23,12.09122322,191.3005395
07-06-2023 19:52,36.78206121,411.3761043
15-02-2023 21:38,30.34160652,367.7082092
06-01-2023 07:49,4.160072291,54.53865152
09-04-2023 22:28,43.9847334,513.2715205
21-08-2023 15:04,43.98582638,547.0646908
06-02-2023 22:47,17.18999219,217.9004783
07-10-2023 21:53,17.67988632,236.1456153
15-12-2023 08:01,49.46238956,865.2903207
29-10-2023 08:07,31.68263241,498.0231653
30-06-2023 18:25,27.03450951,536.9720454
05-04-2023 19:54,42.06945699,595.1716803
09-04-2023 13:33,14.97922658,262.7154233
07-07-2023 19:06,22.02994708,412.2835028
26-04-2023 06:40,14.1210571,237.0895117
10-07-2023 14:25,39.66888148,560.0709506
10-09-2023 08:28,29.09411794,510.19289
10-06-2023 13:32,33.28242844,400.6096537
13-09-2023 06:41,13.36305524,177.4015292
19-11-2023 14:38,11.79103977,182.3702735
08-05-2023 20:09,24.93035682,392.7551816
18-01-2023 09:40,37.14072171,379.6307208
08-10-2023 06:53,26.73674812,520.0602813
11-08-2023 20:07,2.5996382,44.10617065
23-02-2023 13:28,43.55902381,651.5139527
27-02-2023 10:17,4.169657782,80.60479017
19-11-2023 22:35,47.8353997,688.3971157
26-12-2023 10:29,2.231955956,44.20244966
23-06-2023 20:42,35.02807235,529.7241989
07-10-2023 09:42,5.028146122,56.02791673
24-04-2023 22:19,45.62315239,805.1578371
15-10-2023 13:14,23.75722858,398.8595701
09-12-2023 00:27,7.738664966,137.2055023
31-05-2023 08:25,17.69996929,345.4046398
07-05-2023 13:03,9.076409092,161.2414366
04-06-2023 12:56,9.358513666,150.7971561
30-09-2023 18:14,47.45730769,881.4288005
14-04-2023 05:35,22.8170595,381.7856357
27-10-2023 04:48,39.65131093,558.3376655
03-09-2023 21:09,32.3406725,609.8221125
25-06-2023 06:28,34.14489175,417.2165897
08-02-2023 21:10,7.452978485,127.7918453
19-06-2023 18:12,12.47503789,234.725754
04-09-2023 17:54,39.55076642,684.7489527
27-01-2023 02:11,48.56754412,824.3249879
21-12-2023 08:56,13.87110649,243.1103241
02-11-2023 11:29,14.30686947,209.6035421
13-01-2023 11:34,24.17195951,453.0237784
12-11-2023 16:14,49.20817533,592.1891307
10-11-2023 00:00,14.17898835,159.8519885
06-02-2023 04:11,20.94162357,269.2064097
22-06-2023 15:01,44.68252077,684.3473884
20-01-2023 16:22,1.143130598,17.26769409
17-11-2023 12:00,2.948532284,53.68094214
21-09-2023 23:05,30.59951218,429.791157
22-05-2023 06:43,45.46162807,674.8071424
23-05-2023 17:58,12.70397636,128.7379909
02-04-2023 17:08,24.01244696,338.5128864
20-12-2023 07:01,23.07279978,380.1876496
18-11-2023 18:15,24.17559596,245.5051909
15-10-2023 22:10,31.50346509,403.5222028
03-08-2023 22:09,24.01744439,290.1202468
08-12-2023 07:29,22.92593892,238.884943
21-02-2023 05:14,24.2401326,358.5746073
02-06-2023 08:17,29.95250462,353.955724
05-07-2023 10:48,27.31336693,476.0942568
04-03-2023 11:39,42.85266388,791.8863249
09-07-2023 14:01,3.425345821,52.94163747
05-05-2023 06:57,41.8325365,828.9984474
30-05-2023 19:59,42.35230602,614.3111233
10-11-2023 09:58,14.96049306,226.407346
28-02-2023 02:33,23.6797458,471.0417075
09-12-2023 01:01,22.48838594,276.9553653
01-11-2023 09:19,11.70698188,227.4135012
29-06-2023 08:56,20.44304551,213.187756
19-06-2023 21:41,3.175000836,45.92279586
23-11-2023 02:46,14.61328157,156.362626
28-09-2023 15:23,41.0174266,709.2875914
23-02-2023 05:51,14.94355279,240.3534384
12-04-2023 05:28,41.09212677,701.292315
21-09-2023 23:19,27.04837377,371.7745959
22-02-2023 19:16,44.11327119,604.1232795
01-03-2023 17:05,29.16419816,304.8589859
18-04-2023 08:21,2.45374293,33.12417851
05-01-2023 16:36,34.09559017,657.8022668
13-04-2023 16:02,3.197824833,44.10524871
15-07-2023 11:16,23.07925393,422.6660033
19-09-2023 20:01,46.54190803,857.453442
16-12-2023 23:40,9.094993028,124.8961874
17-02-2023 03:55,20.10374529,328.0908475
21-12-2023 07:15,36.76315513,402.6931614
07-11-2023 06:58,44.23066925,488.1644226
04-11-2023 08:46,33.87620723,355.2454433
24-05-2023 07:42,13.65048946,215.8162986
26-09-2023 14:08,34.05578479,485.6596631
04-05-2023 20:24,15.53965441,240.5588784
16-04-2023 16:21,36.20303226,550.6746179
07-06-2023 07:16,47.74762325,644.6898373
27-05-2023 18:49,36.3482791,609.7327187
26-05-2023 02:40,43.28114464,761.0997426
30-04-2023 07:46,1.103088316,11.19224577
15-11-2023 17:25,36.16103411,436.5512998
03-10-2023 02:16,41.64979029,713.5591462
02-04-2023 21:06,2.98737814,41.42358792
28-02-2023 00:35,43.70828864,726.6432821
13-12-2023 00:26,13.57801719,182.8908214
17-08-2023 09:32,33.599313,467.2841767
27-04-2023 06:27,40.21738907,465.9903907
14-11-2023 10:44,33.47056114,421.1369827
06-10-2023 07:04,5.521954812,88.65011179
07-05-2023 21:54,30.21975442,433.0983727
10-05-2023 04:41,27.92959918,495.5556276
27-02-2023 22:44,45.11574214,835.8074511
02-05-2023 16:45,20.80774675,320.7818825
01-01-2023 13:29,16.73297376,294.2104046
27-08-2023 18:54,37.74268746,493.2608858
17-10-2023 21:58,21.22109098,300.2723289
07-04-2023 01:37,32.65871258,559.3711383
06-05-2023 19:56,32.67605442,452.9593851
28-04-2023 19:19,44.51391415,707.1057232
18-02-2023 00:36,30.33592771,359.5938294
30-03-2023 07:58,25.60552689,409.6298742
25-08-2023 17:22,7.804694993,145.2854671
30-09-2023 05:29,6.671142727,124.6596174
08-07-2023 07:49,8.561756699,147.6341727
11-07-2023 18:44,9.420575585,164.4600166
10-03-2023 18:36,32.25597754,502.5247268
05-10-2023 22:13,37.30808126,591.2092588
16-12-2023 01:05,26.96958462,305.7408529
04-09-2023 14:07,41.62186889,600.9611784
17-03-2023 21:26,49.57189811,719.1773413
04-06-2023 03:23,41.18061883,806.5215284
25-05-2023 02:22,35.04923631,501.5850163
27-03-2023 06:53,27.09214227,419.7501136
04-07-2023 12:40,22.99380051,352.5527681
12-10-2023 17:46,5.135226647,84.05142384
08-08-2023 12:50,20.56906867,359.5952116
10-03-2023 22:59,45.5965972,558.5774098
16-02-2023 23:15,40.59310887,620.5567677
04-04-2023 20:00,11.58651689,211.5602635
26-08-2023 11:01,23.86378145,349.1544977
23-07-2023 16:14,41.01943693,524.4160869
06-08-2023 06:29,4.301843184,71.18298958
07-12-2023 11:10,19.9822367,364.4295178
08-02-2023 12:40,42.74022061,454.3885066
11-04-2023 03:20,20.79099534,369.4124267
17-10-2023 05:10,4.803117592,87.49589233
11-09-2023 21:41,27.58418406,403.1491744
10-08-2023 19:01,43.22538225,857.2914514
23-12-2023 19:45,29.9239916,534.6544539
24-01-2023 02:51,12.0876763,214.3945895
08-09-2023 01:02,19.82774139,346.5569124
10-01-2023 15:09,23.0560447,265.2847186
03-09-2023 23:29,29.38405134,357.6717486
21-11-2023 05:31,38.20820026,559.3642812
10-04-2023 06:02,5.844807264,73.87861807
17-10-2023 13:42,44.59294962,631.0976938
29-06-2023 05:42,1.603175448,30.27539295
12-08-2023 00:55,19.1325644,349.0405174
08-09-2023 03:08,2.343595189,38.20153617
27-05-2023 07:07,20.25573704,376.375981
06-04-2023 11:55,26.76481734,477.4234218
14-09-2023 19:27,26.07238794,372.5704951
21-11-2023 22:44,9.115789004,109.4865651
04-01-2023 07:11,32.64128499,494.2546769
17-01-2023 04:13,3.194144075,55.45765198
07-10-2023 22:09,38.33343419,550.6289615
02-12-2023 15:32,47.38557727,789.8094912
04-09-2023 10:38,17.64867253,193.1342639
15-09-2023 10:38,26.3447297,460.507123
09-06-2023 12:00,19.56660362,354.6864889
06-12-2023 14:19,1.328809125,22.68061717
01-06-2023 16:37,19.90785064,391.6398967
27-06-2023 13:19,39.7942927,726.9032664
13-06-2023 01:16,30.20345327,574.8000247
02-02-2023 11:40,5.961735816,115.2743998
29-06-2023 00:45,42.50983499,765.750059
11-04-2023 08:35,27.0231819,452.4380123
26-09-2023 02:55,42.24444473,424.8602302
19-11-2023 08:10,29.43085442,431.4050435
06-03-2023 14:43,28.4247338,446.5987009
17-06-2023 15:47,6.157700075,80.29827306
27-11-2023 02:41,9.200626924,121.2738726
13-02-2023 03:41,48.62923757,953.6968714
13-02-2023 17:54,12.19585059,230.7102307
12-10-2023 18:20,48.89515378,904.1589184
13-01-2023 00:24,27.06372262,380.519134
05-04-2023 19:05,7.653663306,77.58507399
29-10-2023 17:37,5.865807935,63.36376225
11-09-2023 04:22,11.23433946,147.4165944
31-08-2023 04:01,46.35622917,470.8601125
05-02-2023 00:13,21.29336099,216.5853749
03-08-2023 22:35,20.37627913,390.5324386
03-12-2023 22:48,16.34710679,278.9075524
01-04-2023 03:06,8.206030678,107.4133301
22-09-2023 05:10,24.90470866,282.0818322
03-04-2023 07:57,7.372341343,111.442945
31-03-2023 15:20,41.93853158,421.6274172
25-04-2023 07:58,19.14945233,371.1956158
16-04-2023 02:44,19.36537482,273.9842509
15-07-2023 05:36,24.226315,339.7340836
10-11-2023 17:18,22.76225795,316.5305039
25-04-2023 02:00,49.74804068,531.9698928
17-03-2023 04:49,27.72367494,454.2031322
05-08-2023 09:33,5.321883486,92.22843344
04-10-2023 16:49,30.73698974,515.1904914
07-09-2023 05:19,8.427630351,95.94313516
13-06-2023 22:20,2.515944592,39.72274382
23-12-2023 14:05,48.56636553,762.2415715
12-07-2023 02:03,38.90340569,726.8754287
15-08-2023 08:31,49.02534063,676.1220322
26-06-2023 20:03,24.41604395,334.8626108
09-04-2023 08:35,27.08061903,438.3071466
05-02-2023 12:11,9.24851084,151.0349014
07-04-2023 00:20,13.09846391,192.4537952
02-06-2023 02:41,42.08891153,607.3679783
31-05-2023 08:14,18.45309671,275.7165146
09-07-2023 23:09,41.51393372,772.5931121
13-08-2023 01:44,35.74167249,522.2454884
06-02-2023 06:04,9.681375338,187.8120781
25-09-2023 13:05,25.86487194,389.0086474
02-07-2023 20:59,34.19197875,666.4702869
14-01-2023 04:11,12.51682353,229.4123347
06-10-2023 16:43,41.70373702,568.1847758
05-08-2023 18:31,27.69655522,516.1644753
22-12-2023 04:06,9.096860472,100.9809081
27-12-2023 10:07,29.56623688,569.164008
13-10-2023 18:10,49.9859764,815.5929424
01-10-2023 03:29,8.375553092,88.31105693
03-03-2023 19:43,41.02108958,674.4920235
26-03-2023 05:08,11.15814116,220.28934
06-08-2023 00:31,39.33702814,420.8277846
08-12-2023 11:35,36.99431823,575.1461189
06-07-2023 22:28,15.72397989,274.8228322
19-01-2023 07:04,16.96533276,307.1163931
26-06-2023 09:34,39.83354821,563.177645
10-04-2023 06:09,23.61083008,284.3137202
21-08-2023 17:25,36.81008341,383.6870622
17-03-2023 09:14,8.251223221,130.3467315
23-09-2023 04:16,42.77533131,621.487524
11-10-2023 15:39,35.83335112,698.3004215
25-07-2023 08:23,45.44019763,481.9409662
11-08-2023 18:45,7.486246573,126.1728511
21-02-2023 14:58,30.05771052,308.0813799
05-12-2023 14:41,30.35690867,355.6112031
24-05-2023 13:30,18.31957629,266.2895138
10-03-2023 09:49,23.4648548,341.3837063
09-04-2023 13:12,2.861096601,48.22952094
25-01-2023 16:30,37.54714189,717.2303987
23-02-2023 02:49,27.91680149,457.5653542
31-05-2023 16:06,3.829311542,74.80694497
24-05-2023 20:06,34.35703876,646.4674146
26-02-2023 17:06,23.87232178,378.2568899
08-02-2023 22:18,2.688601712,49.30336178
20-04-2023 05:13,48.51077862,796.8271881
01-07-2023 04:57,47.50649501,512.3850221
11-02-2023 19:44,26.13221839,454.8481747
05-07-2023 11:13,5.589948615,61.20481924
12-08-2023 01:19,37.97643986,605.3758885
02-05-2023 18:31,25.10462391,427.4414201
13-05-2023 14:06,15.81992644,168.723883
13-06-2023 00:55,25.0794907,308.6770308
03-08-2023 06:24,26.59976312,509.564276
09-08-2023 07:35,28.57287325,461.8274912
23-08-2023 10:22,22.61996197,281.9094235
27-11-2023 10:02,30.68200985,518.734534
26-05-2023 22:20,46.01800082,734.804586
27-08-2023 18:41,18.75113627,281.5625057
17-03-2023 14:49,36.5601067,722.4960666
10-01-2023 02:19,44.82817528,754.6616102
16-03-2023 05:28,23.34298451,321.0690052
10-09-2023 16:03,22.72933598,409.1447383
18-08-2023 22:58,30.50373228,574.8682423
07-01-2023 12:00,29.97893121,337.3290975
24-06-2023 05:16,40.52287777,486.4986158
21-05-2023 16:19,24.34768581,296.1231309
18-06-2023 04:13,49.81002453,842.3930171
19-06-2023 10:49,3.914106874,62.74468143
11-10-2023 04:14,1.15522458,18.70298851
03-05-2023 00:45,32.36971727,628.2228299
13-07-2023 23:11,15.62331071,277.4561766
06-01-2023 03:37,12.77873705,144.1360936
29-01-2023 22:50,16.28305492,219.4153183
14-06-2023 06:24,13.54633069,194.44317
05-12-2023 12:58,2.508712433,35.02066194
16-05-2023 10:34,48.60511908,811.3694372
17-11-2023 19:51,11.81652893,223.556096
08-12-2023 20:03,36.96745837,482.814031
25-05-2023 06:24,38.36722334,595.4121669
24-11-2023 03:55,46.5336125,832.6768465
05-08-2023 15:39,2.496923398,35.36188007
28-10-2023 22:47,43.73036858,510.822363
12-05-2023 21:55,26.83408286,395.7895642
19-10-2023 13:16,31.99466139,337.6148724
11-03-2023 13:18,32.57904358,632.8099519
09-09-2023 16:56,41.17009244,442.5048838
02-10-2023 12:54,17.33695879,249.3846479
30-12-2023 18:33,36.9195083,564.8246392
01-07-2023 05:30,26.90032738,534.0532303
17-06-2023 00:00,39.8763067,464.9664386
01-04-2023 20:43,49.53675561,552.0532178
22-07-2023 02:17,10.83189985,109.2620397
12-12-2023 10:10,49.73778344,574.7556187
19-01-2023 07:19,5.40079556,65.20234545
08-02-2023 10:38,1.113559847,18.15749464
06-05-2023 06:10,3.163934873,38.59072849
22-06-2023 20:42,17.74733783,181.1152766
21-05-2023 14:22,32.0124102,584.7445576
30-08-2023 18:00,4.382447504,59.84651471
08-08-2023 13:40,1.277624912,17.2951661
06-05-2023 09:03,46.91746039,611.0900827
27-02-2023 11:15,41.27440516,815.3235699
28-05-2023 09:07,40.64997539,475.6516291
13-11-2023 23:35,44.3367895,841.6178146
27-12-2023 06:47,35.30167937,627.2414153
01-01-2023 18:10,6.115802358,65.8353865
15-12-2023 03:48,20.55590922,408.3902305
09-07-2023 17:40,36.43432484,463.213605
10-07-2023 05:53,14.73638858,161.891449
09-11-2023 02:36,34.68291184,634.4594431
28-04-2023 01:44,2.200423965,37.55409745
14-05-2023 05:41,16.0007297,258.7668098
27-02-2023 11:44,27.90738648,322.6040472
14-02-2023 01:48,31.97240165,472.7107166
22-06-2023 06:18,29.27499256,521.2576444
09-06-2023 22:04,35.19005753,458.7460138
22-06-2023 17:07,1.298348664,17.03030736
13-11-2023 16:04,5.946118799,59.64794999
30-10-2023 13:15,43.57826836,511.7149408
29-05-2023 18:39,34.40568356,645.2461249
21-03-2023 07:15,6.533650492,94.19867674
01-08-2023 13:32,42.26164743,838.5701883
23-07-2023 01:55,12.86932967,179.6182591
09-09-2023 13:17,24.43473433,419.1012534
17-08-2023 06:35,8.114629131,104.0229761
14-06-2023 01:58,35.79539276,488.1810176
15-08-2023 16:34,33.67586663,400.9872955
27-05-2023 07:17,11.34451109,152.8176397
20-01-2023 09:44,43.30663758,670.0565454
16-02-2023 17:05,20.66399519,411.5798523
21-08-2023 20:12,15.33323946,255.1760338
01-11-2023 20:52,8.464149884,101.5059751
14-01-2023 11:15,14.04223261,146.7359163
23-05-2023 23:13,2.07931914,23.4205459
01-01-2023 16:14,29.57961713,462.197846
24-02-2023 01:52,42.26930657,746.1210309
16-09-2023 16:24,27.90004202,541.3777743
24-05-2023 21:16,11.74442413,119.3025818
13-01-2023 02:29,2.649789732,40.34994188
26-11-2023 19:54,11.51677559,169.3964926
12-08-2023 08:40,21.38994998,354.2293408
29-09-2023 23:44,38.22096001,596.0860102
24-12-2023 08:50,10.20429977,172.1505322
05-06-2023 17:51,36.26978121,601.3829258
09-01-2023 00:03,43.47973995,485.6737932
02-05-2023 18:33,23.24339556,418.3155536
14-12-2023 21:22,41.25016759,463.3353199
14-06-2023 01:15,28.17821005,478.6155274
31-03-2023 19:57,32.21745102,456.2459401
16-05-2023 07:37,26.78764456,405.5249539
05-07-2023 21:11,23.69546312,450.9952791
12-11-2023 08:59,12.49801865,236.1980205
27-06-2023 22:31,15.85650891,288.2485471
28-01-2023 21:42,15.20853583,229.6714575
08-08-2023 08:55,28.60115762,496.5846847
23-12-2023 15:36,6.877730958,104.0529892
10-02-2023 16:39,45.92279284,858.5753283
16-08-2023 11:42,36.31210212,509.3773931
11-07-2023 12:25,20.67083591,407.2641152
25-05-2023 22:11,8.772583082,169.5146194
20-07-2023 15:25,44.21761632,770.095164
31-07-2023 08:49,41.36512641,529.2319979
08-08-2023 09:23,36.36435608,411.5185407
28-08-2023 12:23,14.30580532,265.3302649
15-02-2023 06:13,20.71988523,241.4492963
05-02-2023 05:14,6.03466437,111.8984152
10-09-2023 15:16,10.26293671,152.9962692
23-03-2023 18:24,39.36781523,553.7306757
14-09-2023 03:23,36.03689722,685.8509049
17-07-2023 01:51,30.08080239,482.4512446
30-10-2023 13:55,44.89060957,707.7516384
10-01-2023 13:44,29.58005937,461.0838919
08-11-2023 14:53,23.881432,327.4549155
13-10-2023 14:37,17.67816657,315.6689622
31-08-2023 04:45,47.08197678,589.8422725
08-09-2023 21:55,5.053057615,97.97347942
05-01-2023 09:33,46.61348123,882.8524381
29-04-2023 22:53,41.50901834,555.1749536
17-10-2023 00:05,7.366566302,127.4020953
06-03-2023 11:39,28.68423353,451.267015
26-05-2023 22:48,43.46085111,581.3537715
12-08-2023 08:39,29.01864902,577.0421177
27-08-2023 06:24,45.45279126,465.9989907
26-06-2023 22:34,47.20620702,591.3266785
24-09-2023 20:18,21.69684159,329.808061
07-12-2023 08:13,19.48836941,296.6038235
09-10-2023 07:02,46.87973654,744.8876394
05-03-2023 03:50,34.081863,597.0038731
05-08-2023 21:51,6.685111386,108.5313013
08-12-2023 21:06,3.072295712,49.16537869
11-11-2023 20:04,28.6668235,302.0091316
10-10-2023 12:01,46.57837731,641.1654712
26-06-2023 15:39,42.36818642,521.9996726
08-04-2023 13:43,34.11653958,431.7004949
15-04-2023 18:26,7.816676596,121.4975336
09-04-2023 07:04,13.4573378,161.4214822
07-11-2023 11:50,43.9000501,568.0443036
06-01-2023 22:32,9.957554596,123.1833853
16-07-2023 15:23,14.643531,285.3296326
17-12-2023 12:10,7.350431909,142.9413305
13-05-2023 21:40,34.12930334,549.4618381
24-12-2023 11:53,47.25513296,909.4356515
16-09-2023 18:48,14.17943355,253.2181174
23-01-2023 08:55,24.29492378,386.2766263
22-02-2023 11:11,32.08264725,322.8910587
14-06-2023 12:14,49.97384616,885.794562
21-07-2023 19:05,6.135595185,104.4577927
24-03-2023 13:06,25.42996918,410.7585061
25-05-2023 06:05,19.87088588,349.8119059
26-03-2023 07:38,43.4251881,656.9892958
19-03-2023 13:02,24.32241882,414.4742703
01-01-2023 11:10,6.437898705,124.5844187
20-02-2023 11:33,32.08678312,441.4515716
22-06-2023 18:18,38.76825029,662.2089483
24-07-2023 07:29,1.141181332,16.84027389
17-09-2023 10:13,43.08887759,721.4800163
16-10-2023 01:37,10.115127,178.3188998
03-02-2023 10:37,28.05139887,293.2640509
14-12-2023 22:32,21.37407753,351.9456556
06-04-2023 03:13,36.26303701,444.8536098
13-03-2023 07:51,19.18691912,320.4277924
08-02-2023 10:31,43.61839566,640.4620701
04-06-2023 04:13,36.79432169,652.5667011
07-09-2023 07:07,32.73794538,367.7783453
11-06-2023 22:04,40.01578918,650.7857237
28-04-2023 06:52,37.94712871,485.142933
17-09-2023 00:37,2.760995071,51.16074156
03-11-2023 03:13,20.34198334,392.2714514
25-09-2023 08:34,46.60955757,930.512412
23-02-2023 17:58,7.160489181,128.6029157
24-08-2023 20:26,37.11773097,650.9462942
11-08-2023 03:45,48.75499876,592.6173799
08-09-2023 14:59,3.557732823,47.53156166
10-11-2023 03:45,34.42750015,504.5978593
22-04-2023 16:46,23.93955292,424.5394945
12-09-2023 20:41,29.37958751,562.6090722
30-10-2023 12:49,5.181725488,61.61792383
26-07-2023 07:45,3.107340641,59.73450613
17-08-2023 17:52,33.67646637,571.0264658
08-12-2023 00:09,41.34216206,665.9274459
08-03-2023 02:34,39.31875141,471.7626068
17-03-2023 01:09,27.64648067,291.8155241
14-04-2023 05:13,5.893474236,92.43707469
11-07-2023 06:26,34.71417775,573.3100898
10-09-2023 01:49,12.85255529,155.6163553
14-08-2023 10:51,45.64236644,710.4034449
21-10-2023 22:37,42.07500262,781.1196478
02-11-2023 12:01,35.75976539,656.2152768
08-04-2023 06:22,47.49345184,915.3675044
04-12-2023 20:41,2.539669254,34.68898195
13-10-2023 11:21,37.07382083,488.651337
01-12-2023 06:43,17.18189619,300.5845602
13-12-2023 09:02,45.3972284,649.6853672
05-11-2023 04:19,14.06708464,152.986391
06-09-2023 17:31,36.51796847,468.4529124
15-06-2023 13:50,44.00470396,624.2429352
01-12-2023 06:56,3.041184101,39.30780403
30-01-2023 13:30,20.4847314,272.8987329
04-09-2023 15:32,38.35314257,496.2037178
17-04-2023 00:52,23.29102559,242.5758375
20-02-2023 08:47,14.09537886,230.7547004
23-03-2023 03:35,11.77046209,188.0086988
13-05-2023 07:51,7.444395079,123.0843998
12-10-2023 15:44,42.99934843,512.6854866
19-05-2023 03:29,29.19241476,378.2328476
03-07-2023 10:21,4.742862305,76.81615328
26-11-2023 14:41,19.74643585,315.8694317
30-09-2023 20:18,19.01894889,286.4881916
06-12-2023 15:07,9.905220345,133.761408
10-03-2023 23:14,22.33987365,427.3463694
03-02-2023 07:59,17.2728689,231.4167576
20-09-2023 05:11,17.74838157,258.3488421
22-02-2023 18:35,37.21230133,624.4647755
24-07-2023 07:45,11.93990589,184.2353067
06-05-2023 12:21,32.45113798,437.0798267
23-08-2023 18:38,28.96183157,415.7890262
12-02-2023 19:50,28.8365331,517.4660551
28-08-2023 07:31,33.48735996,428.0117111
21-04-2023 07:04,27.87071977,318.354757
06-09-2023 22:43,44.08350063,578.8883083
01-06-2023 00:47,34.10342451,630.7545049
02-07-2023 14:54,27.80119932,302.7522012
02-12-2023 06:54,41.65839289,829.7085755
06-04-2023 03:02,30.70118168,473.1060997
08-01-2023 09:00,15.26606814,303.0079038
26-12-2023 18:30,11.14765099,216.1525539
03-07-2023 18:45,8.464061497,122.9670462
09-10-2023 03:15,45.07330541,540.1995424
15-07-2023 00:32,35.79663616,416.9895651
18-12-2023 08:10,46.93154347,581.9461473
14-07-2023 10:54,30.56129848,522.6387407
04-06-2023 18:22,24.19664319,308.0111683
03-04-2023 06:37,3.92610796,52.66580428
10-06-2023 02:03,33.9104718,491.2877277
02-03-2023 08:54,29.52822923,564.9437316
02-05-2023 19:33,49.52023579,588.990425
20-02-2023 18:29,12.71878011,127.8271173
04-10-2023 17:01,27.00613041,286.291019
05-01-2023 18:00,32.89690942,626.6092581
02-04-2023 18:49,32.58496756,536.8427057
19-06-2023 22:58,28.5033836,362.8596512
13-11-2023 11:01,39.06947251,459.9229005
22-01-2023 15:31,11.04407927,142.9398443
23-11-2023 03:48,36.55573281,407.5221861
01-01-2023 23:34,31.366994,609.0005115
14-05-2023 00:03,44.90768048,801.2456079
21-08-2023 14:54,42.51252751,621.6994514
12-01-2023 06:40,16.44220492,306.6409732
12-12-2023 23:00,14.53562892,181.6166081
16-02-2023 04:44,49.10101287,843.1235913
03-02-2023 13:52,26.83599386,498.1116036
19-03-2023 23:38,45.41462723,616.1714528
06-08-2023 07:50,9.030170165,158.70203
28-10-2023 13:57,32.49812683,420.8742545
14-03-2023 19:20,40.68314918,528.415986
09-10-2023 11:45,47.42236723,524.9927207
06-09-2023 21:29,17.52966691,252.4373789
16-02-2023 05:33,36.52407733,631.7613143
01-05-2023 09:08,27.40183744,531.6561512
02-08-2023 12:46,3.970817377,63.68384965
27-08-2023 10:08,34.80998713,648.5572409
26-02-2023 00:58,34.81473135,634.4966161
17-12-2023 01:05,46.59973344,546.774735
17-04-2023 11:08,25.36830986,376.9267694
15-11-2023 23:06,12.28229511,137.1838448
18-02-2023 01:04,3.183627349,53.5534881
02-03-2023 11:56,21.36646715,416.624672
04-12-2023 02:43,15.7939183,179.5909801
26-01-2023 12:06,38.293327,663.961537
20-10-2023 02:34,18.35912048,299.6645686
15-09-2023 03:31,47.50448862,752.2834746
09-01-2023 02:23,48.15319995,669.3873761
23-04-2023 10:44,31.42452092,425.8436282
22-12-2023 01:39,46.50435406,486.0863837
11-09-2023 04:27,38.28186288,466.2381417
30-06-2023 05:08,27.79612241,282.1798089
26-07-2023 09:30,9.835088836,155.5337772
30-10-2023 17:50,23.47129923,259.5581221
07-05-2023 23:14,28.4828487,533.4892802
26-02-2023 02:22,43.33411746,660.0405856
02-08-2023 23:06,24.58533545,417.8744658
14-01-2023 18:01,44.98605896,634.6890032
28-01-2023 08:46,34.04309997,531.2697445
19-03-2023 08:18,7.71295409,149.8364104
04-08-2023 15:50,49.7540871,538.7044371
04-06-2023 01:24,26.83440038,336.4866822
15-01-2023 01:55,20.20105652,359.576448
06-07-2023 09:03,33.29657446,365.8418522
09-11-2023 01:17,6.335772385,68.15143918
07-01-2023 23:09,32.19039369,438.2855365
03-01-2023 08:10,25.41356402,277.5588034
22-04-2023 00:58,20.92702943,331.7098321
26-08-2023 11:11,47.69798104,584.9085366
30-12-2023 02:11,26.60444612,504.3399432
27-08-2023 18:18,11.73675649,209.3250616
01-10-2023 13:46,23.48921049,399.2473336
22-10-2023 04:38,46.04998282,744.6024469
15-08-2023 13:30,9.628678095,179.4271166
15-01-2023 07:29,11.4838949,140.4551617
11-07-2023 20:58,1.63844882,30.68992973
29-04-2023 05:39,1.69531242,30.3374852
28-01-2023 23:27,41.64018972,727.9374847
21-07-2023 12:50,36.87400774,575.6975395
08-02-2023 16:24,18.39701177,229.2716849
30-09-2023 06:37,35.2172467,501.3343815
20-08-2023 02:37,20.36509039,365.262285
27-03-2023 21:44,47.691943,492.0752067
06-05-2023 22:29,48.38558139,862.2556254
28-10-2023 03:53,20.24689501,251.0758209
25-01-2023 17:48,42.85687341,490.4151456
25-05-2023 10:01,38.88136304,433.79988
13-01-2023 16:30,16.18999692,166.3117453
01-08-2023 04:06,12.36995162,188.4669111
25-01-2023 12:42,23.45349787,285.7245533
09-03-2023 13:26,39.28609319,781.5700175
09-03-2023 04:12,48.04822145,756.4888591
21-08-2023 06:14,38.41537437,437.1228862
19-04-2023 23:53,42.90514227,724.5659707
26-05-2023 07:53,30.550151,579.7635252
21-04-2023 21:34,41.93498371,731.8407371
17-08-2023 00:50,39.43662204,424.5115195
21-04-2023 13:27,19.47229155,369.1720953
03-02-2023 19:05,28.0475248,503.1527895
21-04-2023 16:21,40.43290298,468.3358921
21-09-2023 19:48,3.256779975,34.25435221
24-08-2023 12:20,40.59588484,632.2040077
25-03-2023 00:12,9.716518078,112.3264286
11-02-2023 09:34,26.21949724,481.0205242
12-04-2023 03:01,40.60549654,551.558532
06-01-2023 12:39,13.43723283,257.0398116
29-06-2023 11:16,13.04456453,204.2372039
09-10-2023 20:57,20.73545552,245.2325062
16-11-2023 22:00,44.83749708,510.9676089
14-08-2023 13:09,1.02169629,16.10676041
11-11-2023 13:31,45.16777174,795.8035681
17-08-2023 20:19,8.536544207,152.0790172
16-10-2023 08:18,49.51423243,631.6814864
30-05-2023 08:33,47.78750266,575.4794519
04-10-2023 19:10,25.23908429,256.6199807
17-07-2023 13:54,26.12329214,438.6620999
12-03-2023 04:19,24.59591767,264.7918425
22-04-2023 14:50,32.13673864,456.5863141
04-01-2023 08:41,5.44536341,87.2174145
16-12-2023 12:31,2.598279469,50.331504
28-11-2023 02:42,3.827443492,50.20848552
15-11-2023 02:01,22.77390211,284.6218889
16-12-2023 21:01,14.50184902,239.8838082
05-04-2023 06:40,31.47993856,509.7354524
01-06-2023 14:44,49.62967218,661.1217185
07-11-2023 22:09,19.92983548,384.2675237
17-05-2023 23:24,29.11822145,537.191098
04-09-2023 13:54,21.3645909,261.4988636
31-08-2023 13:28,42.51631172,526.8377073
31-01-2023 19:29,45.20958377,683.7046922
09-02-2023 22:51,43.990425,780.2019052
18-08-2023 00:59,48.7442397,508.909545
06-02-2023 00:50,2.348440072,39.7669613
11-08-2023 17:01,42.15099195,694.7477803
07-01-2023 00:15,37.83683648,465.9531102
18-11-2023 22:25,12.20602606,205.226387
09-08-2023 02:04,47.85968458,928.5655555
17-03-2023 04:08,8.260718483,86.47203178
04-01-2023 21:41,34.29794643,452.613555
01-12-2023 14:16,12.01962062,172.8633852
14-05-2023 22:50,22.13765179,420.4516448
28-04-2023 17:50,36.23883495,711.1006869
04-04-2023 13:15,28.60290746,413.0589476
03-03-2023 13:15,21.94758974,384.0890561
13-07-2023 11:52,16.99058312,260.2381393
01-12-2023 17:01,42.14332313,648.0728312
22-07-2023 15:51,8.046903165,102.8474303
27-01-2023 03:12,22.07504095,268.6435896
23-06-2023 02:57,45.28412102,583.2618996
27-10-2023 17:47,42.44662797,660.6087593
13-05-2023 06:58,20.64614636,212.480886
23-11-2023 01:44,38.39230982,732.2369237
29-04-2023 00:56,41.3348807,477.948492
20-11-2023 23:00,44.55548378,543.6164125
02-10-2023 20:20,27.68078268,420.2707289
01-08-2023 03:53,11.01858342,188.430422
13-08-2023 16:42,13.51014475,148.0345813
21-01-2023 03:12,15.48903903,204.098246
23-04-2023 10:02,30.09632156,592.4986398
21-05-2023 04:32,2.607671582,32.91775882
17-02-2023 02:48,32.16608097,422.3567728
02-01-2023 03:58,18.85335768,346.2416293
31-03-2023 12:13,15.46684832,162.4350732
22-05-2023 19:54,44.09533197,645.8260388
16-11-2023 10:16,23.54011738,324.7634058
07-02-2023 13:11,5.657599231,74.48720241
20-10-2023 20:37,41.51059163,533.7015081
19-05-2023 06:13,3.334421614,36.39101405
22-12-2023 09:32,36.61071198,481.3670975
29-11-2023 05:33,38.92140487,405.9706486
16-09-2023 13:04,18.27752769,325.5161633
10-06-2023 15:03,41.41460496,579.0705173
27-06-2023 15:54,26.26731089,379.2747085
10-01-2023 14:50,23.70138901,448.8082192
18-09-2023 19:08,3.224760792,53.46830703
18-05-2023 07:10,15.21143049,153.3402098
